{
  "name": "宅男女神",
  "articleTasks": [
    {
      "url": "https://www.zhainanfulishe.net/15852.html",
      "lable": "待解禁的偶像级美少女 —— 明里紬",
      "title": "待解禁的偶像级美少女 —— 明里紬",
      "content": "<p>能被偶像型片商IDEAPOCKET相中，几乎就是100%<a href=\"https://www.zhainanfulishe.net/tag/%e7%be%8e%e5%b0%91%e5%a5%b3\" class=\"tooltip-trigger tin\" title=\"查看更多关于 美少女 的文章\" target=\"_blank\">美少女</a>的肯定，比方说目前如日中天的桃乃木香奈、相泽南、樱空桃，较为资深的也有蒂亚（TIA），天海翼，希崎洁西卡，在如此万中选一的严选下，还能被IDEAPOCKET冠上「奇迹」两字的新人诞生了！「<a href=\"https://www.zhainanfulishe.net/tag/%e6%98%8e%e9%87%8c%e7%b4%ac\" class=\"tooltip-trigger tin\" title=\"查看更多关于 明里紬 的文章\" target=\"_blank\">明里紬</a>（<a href=\"https://www.zhainanfulishe.net/tag/%e6%98%8e%e9%87%8c%e3%81%a4%e3%82%80%e3%81%8e\" class=\"tooltip-trigger tin\" title=\"查看更多关于 明里つむぎ 的文章\" target=\"_blank\">明里つむぎ</a>）」（紬：发音同愁）</p><p><a href=\"https://www.zhainanfulishe.net/wp-content/uploads/2018/03/153420pva4e908chj9rb00-1.jpg\" class=\"prettyPhoto_gall\" rel=\"prettyPhoto[gallery1]\"><img class=\"size-full wp-image-15909 aligncenter\" src=\"https://www.zhainanfulishe.net/wp-content/uploads/2018/03/153420pva4e908chj9rb00-1.jpg\" alt=\"153420pva4e908chj9rb00\" width=\"640\" height=\"480\"></a></p><p>于2017年初正式专属出道，而在出道之前更有接受过写真拍摄的“过水”洗礼，因为她实在很上相，AV出道后接连拍了日本两大写真龙头GRAPHIS、REbecca的写真，知名度也随之渐渐打开，</p><p><a href=\"https://www.zhainanfulishe.net/wp-content/uploads/2018/03/15342622226p6toojop6nd-1.jpg\" class=\"prettyPhoto_gall\" rel=\"prettyPhoto[gallery1]\"><img class=\"size-full wp-image-15924 aligncenter\" src=\"https://www.zhainanfulishe.net/wp-content/uploads/2018/03/15342622226p6toojop6nd-1.jpg\" alt=\"15342622226p6toojop6nd\" width=\"640\" height=\"480\"></a></p><p><a href=\"https://www.zhainanfulishe.net/wp-content/uploads/2018/03/153419hxwuzrdrddrxgrh3-1.jpg\" class=\"prettyPhoto_gall\" rel=\"prettyPhoto[gallery1]\"><img class=\"size-full wp-image-15908 aligncenter\" src=\"https://www.zhainanfulishe.net/wp-content/uploads/2018/03/153419hxwuzrdrddrxgrh3-1.jpg\" alt=\"153419hxwuzrdrddrxgrh3\" width=\"640\" height=\"481\"></a></p><p>充满古典美书卷气息的<a href=\"https://www.zhainanfulishe.net/tag/%e6%98%8e%e9%87%8c%e7%b4%ac\" class=\"tooltip-trigger tin\" title=\"查看更多关于 明里紬 的文章\" target=\"_blank\">明里紬</a>，在AV业界的好朋友是比她早一年出道的AV偶像「桥本有菜」，两人还会一起去吃涮涮锅、烧肉还一起合影呢！</p><p><a href=\"https://www.zhainanfulishe.net/wp-content/uploads/2018/03/16134819rrkgmxkjkgkyri-1.jpg\" class=\"prettyPhoto_gall\" rel=\"prettyPhoto[gallery1]\"><img class=\"size-full wp-image-15920 aligncenter\" src=\"https://www.zhainanfulishe.net/wp-content/uploads/2018/03/16134819rrkgmxkjkgkyri-1.jpg\" alt=\"16134819rrkgmxkjkgkyri\" width=\"640\" height=\"480\"></a></p><p><a href=\"https://www.zhainanfulishe.net/wp-content/uploads/2018/03/161349u6465r3vv5ssu1s3-1.jpg\" class=\"prettyPhoto_gall\" rel=\"prettyPhoto[gallery1]\"><img class=\"size-full wp-image-15914 aligncenter\" src=\"https://www.zhainanfulishe.net/wp-content/uploads/2018/03/161349u6465r3vv5ssu1s3-1.jpg\" alt=\"161349u6465r3vv5ssu1s3\" width=\"640\" height=\"481\"></a></p><p>虽然说乳量相差甚远，但某些角度是不是长得很像我们的乳神「RION」呢？</p><p><a href=\"https://www.zhainanfulishe.net/wp-content/uploads/2018/03/153418i2qssidugu1rqdrr-1.jpg\" class=\"prettyPhoto_gall\" rel=\"prettyPhoto[gallery1]\"><img class=\"size-full wp-image-15907 aligncenter\" src=\"https://www.zhainanfulishe.net/wp-content/uploads/2018/03/153418i2qssidugu1rqdrr-1.jpg\" alt=\"153418i2qssidugu1rqdrr\" width=\"640\" height=\"480\"></a></p><p><a href=\"https://www.zhainanfulishe.net/wp-content/uploads/2018/03/153417572r57z9s007llvi-1.jpg\" class=\"prettyPhoto_gall\" rel=\"prettyPhoto[gallery1]\"><img class=\"size-full wp-image-15922 aligncenter\" src=\"https://www.zhainanfulishe.net/wp-content/uploads/2018/03/153417572r57z9s007llvi-1.jpg\" alt=\"153417572r57z9s007llvi\" width=\"640\" height=\"480\"></a></p><p>出道刚满一周年的明里绸，目前作品共有16部，主打甜美系美少女的她还是以情人、女仆、学生妹等清淡口味为主，近期也开始有少数电车痴汉、杂交剧情的作品出现，让我们一起期待这位美少女的一一解禁吧！！</p><p><a href=\"https://www.zhainanfulishe.net/wp-content/uploads/2018/03/153425eqjjj8zejpbp6zmz-1.jpg\" class=\"prettyPhoto_gall\" rel=\"prettyPhoto[gallery1]\"><img class=\"size-full wp-image-15912 aligncenter\" src=\"https://www.zhainanfulishe.net/wp-content/uploads/2018/03/153425eqjjj8zejpbp6zmz-1.jpg\" alt=\"153425eqjjj8zejpbp6zmz\" width=\"640\" height=\"480\"></a></p><p><a href=\"https://www.zhainanfulishe.net/wp-content/uploads/2018/03/153426a1v77r91g6vxrllo-1.jpg\" class=\"prettyPhoto_gall\" rel=\"prettyPhoto[gallery1]\"><img class=\"size-full wp-image-15913 aligncenter\" src=\"https://www.zhainanfulishe.net/wp-content/uploads/2018/03/153426a1v77r91g6vxrllo-1.jpg\" alt=\"153426a1v77r91g6vxrllo\" width=\"640\" height=\"853\"></a></p><p><a href=\"https://www.zhainanfulishe.net/wp-content/uploads/2018/03/1534158789wl9qno6cywaj-1.jpg\" class=\"prettyPhoto_gall\" rel=\"prettyPhoto[gallery1]\"><img class=\"size-full wp-image-15923 aligncenter\" src=\"https://www.zhainanfulishe.net/wp-content/uploads/2018/03/1534158789wl9qno6cywaj-1.jpg\" alt=\"1534158789wl9qno6cywaj\" width=\"640\" height=\"927\"></a></p><p><a href=\"https://www.zhainanfulishe.net/wp-content/uploads/2018/03/153416484ld85bizrxgrmr-1.jpg\" class=\"prettyPhoto_gall\" rel=\"prettyPhoto[gallery1]\"><img class=\"size-full wp-image-15921 aligncenter\" src=\"https://www.zhainanfulishe.net/wp-content/uploads/2018/03/153416484ld85bizrxgrmr-1.jpg\" alt=\"153416484ld85bizrxgrmr\" width=\"640\" height=\"927\"></a></p><p><a href=\"https://www.zhainanfulishe.net/wp-content/uploads/2018/03/153411fnftfnnuosziap7l-1.jpg\" class=\"prettyPhoto_gall\" rel=\"prettyPhoto[gallery1]\"><img class=\"size-full wp-image-15905 aligncenter\" src=\"https://www.zhainanfulishe.net/wp-content/uploads/2018/03/153411fnftfnnuosziap7l-1.jpg\" alt=\"153411fnftfnnuosziap7l\" width=\"640\" height=\"926\"></a></p><p><a href=\"https://www.zhainanfulishe.net/wp-content/uploads/2018/03/15341299zv0lt0s0rtil7v-1.jpg\" class=\"prettyPhoto_gall\" rel=\"prettyPhoto[gallery1]\"><img class=\"size-full wp-image-15919 aligncenter\" src=\"https://www.zhainanfulishe.net/wp-content/uploads/2018/03/15341299zv0lt0s0rtil7v-1.jpg\" alt=\"15341299zv0lt0s0rtil7v\" width=\"640\" height=\"406\"></a></p><p><a href=\"https://www.zhainanfulishe.net/wp-content/uploads/2018/03/15340900f17x11ft1n717t-1.jpg\" class=\"prettyPhoto_gall\" rel=\"prettyPhoto[gallery1]\"><img class=\"size-full wp-image-15918 aligncenter\" src=\"https://www.zhainanfulishe.net/wp-content/uploads/2018/03/15340900f17x11ft1n717t-1.jpg\" alt=\"15340900f17x11ft1n717t\" width=\"640\" height=\"927\"></a></p><p>推荐一部女朋友视角作品：《我和女友的同居生活》<a href=\"https://www.zhainanfulishe.net/tag/%e7%95%aa%e5%8f%b7\" class=\"tooltip-trigger tin\" title=\"查看更多关于 番号 的文章\" target=\"_blank\">番号</a>：IPZ-985</p><p><a href=\"https://www.zhainanfulishe.net/wp-content/uploads/2018/03/1534223j38jl2zk82bv4od-1.jpg\" class=\"prettyPhoto_gall\" rel=\"prettyPhoto[gallery1]\"><img class=\"size-full wp-image-15917 aligncenter\" src=\"https://www.zhainanfulishe.net/wp-content/uploads/2018/03/1534223j38jl2zk82bv4od-1.jpg\" alt=\"1534223j38jl2zk82bv4od\" width=\"640\" height=\"480\"></a></p><p><a href=\"https://www.zhainanfulishe.net/wp-content/uploads/2018/03/1534146lf7877z5zaaakoi-1.jpg\" class=\"prettyPhoto_gall\" rel=\"prettyPhoto[gallery1]\"><img class=\"size-full wp-image-15916 aligncenter\" src=\"https://www.zhainanfulishe.net/wp-content/uploads/2018/03/1534146lf7877z5zaaakoi-1.jpg\" alt=\"1534146lf7877z5zaaakoi\" width=\"640\" height=\"928\"></a></p><p><a href=\"https://www.zhainanfulishe.net/wp-content/uploads/2018/03/1534132y2ucl2m5ednzme5-1.jpg\" class=\"prettyPhoto_gall\" rel=\"prettyPhoto[gallery1]\"><img class=\"size-full wp-image-15915 aligncenter\" src=\"https://www.zhainanfulishe.net/wp-content/uploads/2018/03/1534132y2ucl2m5ednzme5-1.jpg\" alt=\"1534132y2ucl2m5ednzme5\" width=\"640\" height=\"926\"></a></p><p><a href=\"https://www.zhainanfulishe.net/wp-content/uploads/2018/03/153421jv9i99iy97jc9r9g-1.jpg\" class=\"prettyPhoto_gall\" rel=\"prettyPhoto[gallery1]\"><img class=\"size-full wp-image-15911 aligncenter\" src=\"https://www.zhainanfulishe.net/wp-content/uploads/2018/03/153421jv9i99iy97jc9r9g-1.jpg\" alt=\"153421jv9i99iy97jc9r9g\" width=\"640\" height=\"480\"></a></p><p><a href=\"https://www.zhainanfulishe.net/wp-content/uploads/2018/03/153421iskg3ek9kepid9vo-1.jpg\" class=\"prettyPhoto_gall\" rel=\"prettyPhoto[gallery1]\"><img class=\"size-full wp-image-15910 aligncenter\" src=\"https://www.zhainanfulishe.net/wp-content/uploads/2018/03/153421iskg3ek9kepid9vo-1.jpg\" alt=\"153421iskg3ek9kepid9vo\" width=\"640\" height=\"853\"></a></p><p><a href=\"https://www.zhainanfulishe.net/wp-content/uploads/2018/03/153412c9aca9qxauu76dxc-1.jpg\" class=\"prettyPhoto_gall\" rel=\"prettyPhoto[gallery1]\"><img class=\"size-full wp-image-15906 aligncenter\" src=\"https://www.zhainanfulishe.net/wp-content/uploads/2018/03/153412c9aca9qxauu76dxc-1.jpg\" alt=\"153412c9aca9qxauu76dxc\" width=\"640\" height=\"927\"></a></p><p><a href=\"https://www.zhainanfulishe.net/wp-content/uploads/2018/03/153410e6dksxqmxoeekbyk-1.jpg\" class=\"prettyPhoto_gall\" rel=\"prettyPhoto[gallery1]\"><img class=\"size-full wp-image-15904 aligncenter\" src=\"https://www.zhainanfulishe.net/wp-content/uploads/2018/03/153410e6dksxqmxoeekbyk-1.jpg\" alt=\"153410e6dksxqmxoeekbyk\" width=\"640\" height=\"928\"></a></p><p><a href=\"https://www.zhainanfulishe.net/wp-content/uploads/2018/03/153408y00cyinp7z220dkp-1.jpg\" class=\"prettyPhoto_gall\" rel=\"prettyPhoto[gallery1]\"><img class=\"size-full wp-image-15903 aligncenter\" src=\"https://www.zhainanfulishe.net/wp-content/uploads/2018/03/153408y00cyinp7z220dkp-1.jpg\" alt=\"153408y00cyinp7z220dkp\" width=\"640\" height=\"928\"></a></p><p> </p><!-- Page links --><!-- /.Page links -->"
    },
    {
      "url": "https://www.zhainanfulishe.net/15759.html",
      "lable": "巨乳妹妹「浴室火辣诱惑」！「丰满大奶」脱下浴袍直接蹦出！",
      "title": "巨乳妹妹「浴室火辣诱惑」！「丰满大奶」脱下浴袍直接蹦出！",
      "content": "<p>今天要来推荐一位火辣的波霸正妹，让大家下午在喝下午茶时，眼睛也可以一起吃饱饱～～这位妹子不但有着大眼睛，还有巨大美胸，穿着浴袍的模样，真的是性感到极点～</p><p><a href=\"https://www.zhainanfulishe.net/wp-content/uploads/2018/03/1207584z4m7idl9dsezitp.jpg\" class=\"prettyPhoto_gall\" rel=\"prettyPhoto[gallery1]\"><img class=\"size-full wp-image-15772 aligncenter\" src=\"https://www.zhainanfulishe.net/wp-content/uploads/2018/03/1207584z4m7idl9dsezitp.jpg\" alt=\"1207584z4m7idl9dsezitp\" width=\"640\" height=\"858\"></a></p><p><a href=\"https://www.zhainanfulishe.net/wp-content/uploads/2018/03/1208021pbgq3ng0nbxaag9.jpg\" class=\"prettyPhoto_gall\" rel=\"prettyPhoto[gallery1]\"><img class=\"size-full wp-image-15773 aligncenter\" src=\"https://www.zhainanfulishe.net/wp-content/uploads/2018/03/1208021pbgq3ng0nbxaag9.jpg\" alt=\"1208021pbgq3ng0nbxaag9\" width=\"640\" height=\"858\"></a></p><p><a href=\"https://www.zhainanfulishe.net/wp-content/uploads/2018/03/1207579qqjx9nnvgdx0i3e.jpg\" class=\"prettyPhoto_gall\" rel=\"prettyPhoto[gallery1]\"><img class=\"size-full wp-image-15771 aligncenter\" src=\"https://www.zhainanfulishe.net/wp-content/uploads/2018/03/1207579qqjx9nnvgdx0i3e.jpg\" alt=\"1207579qqjx9nnvgdx0i3e\" width=\"640\" height=\"858\"></a></p><p><a href=\"https://www.zhainanfulishe.net/wp-content/uploads/2018/03/120800yjg11d0hgbmu1g1j.jpg\" class=\"prettyPhoto_gall\" rel=\"prettyPhoto[gallery1]\"><img class=\"size-full wp-image-15770 aligncenter\" src=\"https://www.zhainanfulishe.net/wp-content/uploads/2018/03/120800yjg11d0hgbmu1g1j.jpg\" alt=\"120800yjg11d0hgbmu1g1j\" width=\"640\" height=\"858\"></a></p><p><a href=\"https://www.zhainanfulishe.net/wp-content/uploads/2018/03/120759eqpvdjnunvujduno.jpg\" class=\"prettyPhoto_gall\" rel=\"prettyPhoto[gallery1]\"><img class=\"size-full wp-image-15769 aligncenter\" src=\"https://www.zhainanfulishe.net/wp-content/uploads/2018/03/120759eqpvdjnunvujduno.jpg\" alt=\"120759eqpvdjnunvujduno\" width=\"640\" height=\"858\"></a></p><p>这位正妹穿着浴袍，露出了黑色爆乳内衣，饱满的美乳呼之欲出，每个动作都超挑逗人啊！！眼神更是充满了诱惑～～</p><p><a href=\"https://www.zhainanfulishe.net/wp-content/uploads/2018/03/120755ss4qupw4imnwm8j8.jpg\" class=\"prettyPhoto_gall\" rel=\"prettyPhoto[gallery1]\"><img class=\"size-full wp-image-15768 aligncenter\" src=\"https://www.zhainanfulishe.net/wp-content/uploads/2018/03/120755ss4qupw4imnwm8j8.jpg\" alt=\"120755ss4qupw4imnwm8j8\" width=\"640\" height=\"858\"></a></p><p><a href=\"https://www.zhainanfulishe.net/wp-content/uploads/2018/03/120754vzzkyqlpzynnkp18.jpg\" class=\"prettyPhoto_gall\" rel=\"prettyPhoto[gallery1]\"><img class=\"size-full wp-image-15767 aligncenter\" src=\"https://www.zhainanfulishe.net/wp-content/uploads/2018/03/120754vzzkyqlpzynnkp18.jpg\" alt=\"120754vzzkyqlpzynnkp18\" width=\"640\" height=\"858\"></a></p><p><a href=\"https://www.zhainanfulishe.net/wp-content/uploads/2018/03/120706bub7jbuzr6sbrdrh.jpg\" class=\"prettyPhoto_gall\" rel=\"prettyPhoto[gallery1]\"><img class=\"size-full wp-image-15766 aligncenter\" src=\"https://www.zhainanfulishe.net/wp-content/uploads/2018/03/120706bub7jbuzr6sbrdrh.jpg\" alt=\"120706bub7jbuzr6sbrdrh\" width=\"640\" height=\"858\"></a></p><p><a href=\"https://www.zhainanfulishe.net/wp-content/uploads/2018/03/120705tqcybtvyyy9v9l9d.jpg\" class=\"prettyPhoto_gall\" rel=\"prettyPhoto[gallery1]\"><img class=\"size-full wp-image-15765 aligncenter\" src=\"https://www.zhainanfulishe.net/wp-content/uploads/2018/03/120705tqcybtvyyy9v9l9d.jpg\" alt=\"120705tqcybtvyyy9v9l9d\" width=\"640\" height=\"858\"></a></p><p><a href=\"https://www.zhainanfulishe.net/wp-content/uploads/2018/03/120704h77gz7yov1z0y3dv.jpg\" class=\"prettyPhoto_gall\" rel=\"prettyPhoto[gallery1]\"><img class=\"size-full wp-image-15764 aligncenter\" src=\"https://www.zhainanfulishe.net/wp-content/uploads/2018/03/120704h77gz7yov1z0y3dv.jpg\" alt=\"120704h77gz7yov1z0y3dv\" width=\"640\" height=\"858\"></a></p><p>躺在浴缸里的模样，是不是也超级吸引人啊！！像这样眼睛大，五官精致，又有着浑圆深沟的妹子，希望大家会喜欢啰！！</p><p><a href=\"https://www.zhainanfulishe.net/wp-content/uploads/2018/03/120702r92kw1mwuyrdd3ko.jpg\" class=\"prettyPhoto_gall\" rel=\"prettyPhoto[gallery1]\"><img class=\"size-full wp-image-15763 aligncenter\" src=\"https://www.zhainanfulishe.net/wp-content/uploads/2018/03/120702r92kw1mwuyrdd3ko.jpg\" alt=\"120702r92kw1mwuyrdd3ko\" width=\"640\" height=\"858\"></a></p><p><a href=\"https://www.zhainanfulishe.net/wp-content/uploads/2018/03/120700r5xmhhzgbig67b7b.jpg\" class=\"prettyPhoto_gall\" rel=\"prettyPhoto[gallery1]\"><img class=\"size-full wp-image-15762 aligncenter\" src=\"https://www.zhainanfulishe.net/wp-content/uploads/2018/03/120700r5xmhhzgbig67b7b.jpg\" alt=\"120700r5xmhhzgbig67b7b\" width=\"640\" height=\"858\"></a></p><p><a href=\"https://www.zhainanfulishe.net/wp-content/uploads/2018/03/120659y9j6vk6iwi9kjwjs.jpg\" class=\"prettyPhoto_gall\" rel=\"prettyPhoto[gallery1]\"><img class=\"size-full wp-image-15761 aligncenter\" src=\"https://www.zhainanfulishe.net/wp-content/uploads/2018/03/120659y9j6vk6iwi9kjwjs.jpg\" alt=\"120659y9j6vk6iwi9kjwjs\" width=\"640\" height=\"858\"></a></p><p><a href=\"https://www.zhainanfulishe.net/wp-content/uploads/2018/03/120658bxbknnooniiupiiz.jpg\" class=\"prettyPhoto_gall\" rel=\"prettyPhoto[gallery1]\"><img class=\"size-full wp-image-15760 aligncenter\" src=\"https://www.zhainanfulishe.net/wp-content/uploads/2018/03/120658bxbknnooniiupiiz.jpg\" alt=\"120658bxbknnooniiupiiz\" width=\"640\" height=\"858\"></a></p><!-- Page links --><!-- /.Page links -->"
    },
    {
      "url": "https://www.zhainanfulishe.net/15713.html",
      "lable": "超粉嫩的性感小女生 ——「姿瑜- momo」",
      "title": "超粉嫩的性感小女生 ——「姿瑜- momo」",
      "content": "<p>下午好！社长今天来跟大家分享一个超～粉嫩的小女生！她就是「<a href=\"https://www.zhainanfulishe.net/tag/%e5%a7%bf%e7%91%9c-momo\" class=\"tooltip-trigger tin\" title=\"查看更多关于 姿瑜- momo 的文章\" target=\"_blank\">姿瑜- momo</a>」，在网路上分享好身材不手软，不时会更新上空床照呀～背面裸照呀～来福利粉丝，重点妹子瘦归瘦，但身材真的是喷火的没话说！</p><p><a href=\"https://www.zhainanfulishe.net/wp-content/uploads/2018/03/145018azns2ppnu0xun2zu.jpg\" class=\"prettyPhoto_gall\" rel=\"prettyPhoto[gallery1]\"><img class=\"size-full wp-image-15729 aligncenter\" src=\"https://www.zhainanfulishe.net/wp-content/uploads/2018/03/145018azns2ppnu0xun2zu.jpg\" alt=\"145018azns2ppnu0xun2zu\" width=\"640\" height=\"853\"></a></p><p><a href=\"https://www.zhainanfulishe.net/wp-content/uploads/2018/03/145005peepjdfrfcec0cle.jpg\" class=\"prettyPhoto_gall\" rel=\"prettyPhoto[gallery1]\"><img class=\"size-full wp-image-15720 aligncenter\" src=\"https://www.zhainanfulishe.net/wp-content/uploads/2018/03/145005peepjdfrfcec0cle.jpg\" alt=\"145005peepjdfrfcec0cle\" width=\"640\" height=\"854\"></a></p><p><a href=\"https://www.zhainanfulishe.net/wp-content/uploads/2018/03/145011ovb24u1dobetodxh.jpg\" class=\"prettyPhoto_gall\" rel=\"prettyPhoto[gallery1]\"><img class=\"size-full wp-image-15726 aligncenter\" src=\"https://www.zhainanfulishe.net/wp-content/uploads/2018/03/145011ovb24u1dobetodxh.jpg\" alt=\"145011ovb24u1dobetodxh\" width=\"640\" height=\"854\"></a></p><p><a href=\"https://www.zhainanfulishe.net/wp-content/uploads/2018/03/145014uxoaru6duouc6aa3.jpg\" class=\"prettyPhoto_gall\" rel=\"prettyPhoto[gallery1]\"><img class=\"size-full wp-image-15727 aligncenter\" src=\"https://www.zhainanfulishe.net/wp-content/uploads/2018/03/145014uxoaru6duouc6aa3.jpg\" alt=\"145014uxoaru6duouc6aa3\" width=\"640\" height=\"853\"></a></p><p><a href=\"https://www.zhainanfulishe.net/wp-content/uploads/2018/03/1450174os77te5vv2sovob.jpg\" class=\"prettyPhoto_gall\" rel=\"prettyPhoto[gallery1]\"><img class=\"size-full wp-image-15732 aligncenter\" src=\"https://www.zhainanfulishe.net/wp-content/uploads/2018/03/1450174os77te5vv2sovob.jpg\" alt=\"1450174os77te5vv2sovob\" width=\"640\" height=\"853\"></a></p><p><a href=\"https://www.zhainanfulishe.net/wp-content/uploads/2018/03/14501212mszo91xms2o5g5.jpg\" class=\"prettyPhoto_gall\" rel=\"prettyPhoto[gallery1]\"><img class=\"size-full wp-image-15733 aligncenter\" src=\"https://www.zhainanfulishe.net/wp-content/uploads/2018/03/14501212mszo91xms2o5g5.jpg\" alt=\"14501212mszo91xms2o5g5\" width=\"640\" height=\"808\"></a></p><p><a href=\"https://www.zhainanfulishe.net/wp-content/uploads/2018/03/1450076fit08gx6k16kc11.jpg\" class=\"prettyPhoto_gall\" rel=\"prettyPhoto[gallery1]\"><img class=\"size-full wp-image-15730 aligncenter\" src=\"https://www.zhainanfulishe.net/wp-content/uploads/2018/03/1450076fit08gx6k16kc11.jpg\" alt=\"1450076fit08gx6k16kc11\" width=\"640\" height=\"854\"></a></p><p>不管是正面的霸气欧派还是背面的性感小翘臀，都让人啊西巴~雅蠛蝶~把持不住呀，以下尺度穿最多的大概是内衣照分享给大家啦～</p><p><a href=\"https://www.zhainanfulishe.net/wp-content/uploads/2018/03/1450131us0gbg0251q04eh.jpg\" class=\"prettyPhoto_gall\" rel=\"prettyPhoto[gallery1]\"><img class=\"size-full wp-image-15731 aligncenter\" src=\"https://www.zhainanfulishe.net/wp-content/uploads/2018/03/1450131us0gbg0251q04eh.jpg\" alt=\"1450131us0gbg0251q04eh\" width=\"640\" height=\"480\"></a></p><p><a href=\"https://www.zhainanfulishe.net/wp-content/uploads/2018/03/145016smcexeqiogmqmi44.jpg\" class=\"prettyPhoto_gall\" rel=\"prettyPhoto[gallery1]\"><img class=\"size-full wp-image-15728 aligncenter\" src=\"https://www.zhainanfulishe.net/wp-content/uploads/2018/03/145016smcexeqiogmqmi44.jpg\" alt=\"145016smcexeqiogmqmi44\" width=\"640\" height=\"876\"></a></p><p><a href=\"https://www.zhainanfulishe.net/wp-content/uploads/2018/03/145011oksjao5e0tx6t5dg.jpg\" class=\"prettyPhoto_gall\" rel=\"prettyPhoto[gallery1]\"><img class=\"size-full wp-image-15725 aligncenter\" src=\"https://www.zhainanfulishe.net/wp-content/uploads/2018/03/145011oksjao5e0tx6t5dg.jpg\" alt=\"145011oksjao5e0tx6t5dg\" width=\"640\" height=\"854\"></a></p><p><a href=\"https://www.zhainanfulishe.net/wp-content/uploads/2018/03/145010l6g8buq0661gdakl.jpg\" class=\"prettyPhoto_gall\" rel=\"prettyPhoto[gallery1]\"><img class=\"size-full wp-image-15724 aligncenter\" src=\"https://www.zhainanfulishe.net/wp-content/uploads/2018/03/145010l6g8buq0661gdakl.jpg\" alt=\"145010l6g8buq0661gdakl\" width=\"640\" height=\"854\"></a></p><p><a href=\"https://www.zhainanfulishe.net/wp-content/uploads/2018/03/145009qm8g36k8d66kdmg4.jpg\" class=\"prettyPhoto_gall\" rel=\"prettyPhoto[gallery1]\"><img class=\"size-full wp-image-15723 aligncenter\" src=\"https://www.zhainanfulishe.net/wp-content/uploads/2018/03/145009qm8g36k8d66kdmg4.jpg\" alt=\"145009qm8g36k8d66kdmg4\" width=\"640\" height=\"854\"></a></p><p><a href=\"https://www.zhainanfulishe.net/wp-content/uploads/2018/03/145008rrdgd4zfq33459ra.jpg\" class=\"prettyPhoto_gall\" rel=\"prettyPhoto[gallery1]\"><img class=\"size-full wp-image-15722 aligncenter\" src=\"https://www.zhainanfulishe.net/wp-content/uploads/2018/03/145008rrdgd4zfq33459ra.jpg\" alt=\"145008rrdgd4zfq33459ra\" width=\"640\" height=\"854\"></a></p><p><a href=\"https://www.zhainanfulishe.net/wp-content/uploads/2018/03/145006p15wp1flztstfrr1.jpg\" class=\"prettyPhoto_gall\" rel=\"prettyPhoto[gallery1]\"><img class=\"size-full wp-image-15721 aligncenter\" src=\"https://www.zhainanfulishe.net/wp-content/uploads/2018/03/145006p15wp1flztstfrr1.jpg\" alt=\"145006p15wp1flztstfrr1\" width=\"640\" height=\"480\"></a></p><p><a href=\"https://www.zhainanfulishe.net/wp-content/uploads/2018/03/145004yar4zk0ky833p0ue.jpg\" class=\"prettyPhoto_gall\" rel=\"prettyPhoto[gallery1]\"><img class=\"size-full wp-image-15719 aligncenter\" src=\"https://www.zhainanfulishe.net/wp-content/uploads/2018/03/145004yar4zk0ky833p0ue.jpg\" alt=\"145004yar4zk0ky833p0ue\" width=\"640\" height=\"640\"></a></p><p><a href=\"https://www.zhainanfulishe.net/wp-content/uploads/2018/03/145004kkffpfalffp9jwiw.jpg\" class=\"prettyPhoto_gall\" rel=\"prettyPhoto[gallery1]\"><img class=\"size-full wp-image-15718 aligncenter\" src=\"https://www.zhainanfulishe.net/wp-content/uploads/2018/03/145004kkffpfalffp9jwiw.jpg\" alt=\"145004kkffpfalffp9jwiw\" width=\"640\" height=\"799\"></a></p><p> </p><!-- Page links --><!-- /.Page links -->"
    },
    {
      "url": "https://www.zhainanfulishe.net/15568.html",
      "lable": "100公分的饱满！睽违一年再复出的神奈川爆乳妹妹",
      "title": "100公分的饱满！睽违一年再复出的神奈川爆乳妹妹",
      "content": "<p>曾经两度<a href=\"https://www.zhainanfulishe.net/tag/%e5%bc%95%e9%80%80\" class=\"tooltip-trigger tin\" title=\"查看更多关于 引退 的文章\" target=\"_blank\">引退</a>，但每次<a href=\"https://www.zhainanfulishe.net/tag/%e5%a4%8d%e5%87%ba\" class=\"tooltip-trigger tin\" title=\"查看更多关于 复出 的文章\" target=\"_blank\">复出</a>其惊人的上围便会跟着成长，</p><p>目前已经来到100公分，I罩杯等级的天然<a href=\"https://www.zhainanfulishe.net/tag/%e5%b7%a8%e4%b9%b3\" class=\"tooltip-trigger tin\" title=\"查看更多关于 巨乳 的文章\" target=\"_blank\">巨乳</a>了！</p><p><a href=\"https://www.zhainanfulishe.net/wp-content/uploads/2018/03/172435ivwrbrwgtwyyxv21.jpg\" class=\"prettyPhoto_gall\" rel=\"prettyPhoto[gallery1]\"><img class=\"size-full wp-image-15576 aligncenter\" src=\"https://www.zhainanfulishe.net/wp-content/uploads/2018/03/172435ivwrbrwgtwyyxv21.jpg\" alt=\"172435ivwrbrwgtwyyxv21\" width=\"600\" height=\"450\"></a></p><p>2010年刚出道时艺名为「大泽枫」，</p><p>仅拍摄约三个月便引退长达4年之久，</p><p><a href=\"https://www.zhainanfulishe.net/wp-content/uploads/2018/03/172443wdgagimdhg04dhh1.jpg\" class=\"prettyPhoto_gall\" rel=\"prettyPhoto[gallery1]\"><img class=\"size-full wp-image-15578 aligncenter\" src=\"https://www.zhainanfulishe.net/wp-content/uploads/2018/03/172443wdgagimdhg04dhh1.jpg\" alt=\"172443wdgagimdhg04dhh1\" width=\"600\" height=\"800\"></a></p><p>在2014年时以艺名「雪平历」再次出道，</p><p>隔年2015正式更名为「西村妮娜（<a href=\"https://www.zhainanfulishe.net/tag/%e8%a5%bf%e6%9d%91%e3%83%8b%e3%83%bc%e3%83%8a\" class=\"tooltip-trigger tin\" title=\"查看更多关于 西村ニーナ 的文章\" target=\"_blank\">西村ニーナ</a>）」，</p><p>2016年中又宣布引退，期间在推特上还是很活跃的她，</p><p>终于在2017年暑假再次回归复出，</p><p><a href=\"https://www.zhainanfulishe.net/wp-content/uploads/2018/03/172438t2xt0zj70yxp5pp6.jpg\" class=\"prettyPhoto_gall\" rel=\"prettyPhoto[gallery1]\"><img class=\"size-full wp-image-15577 aligncenter\" src=\"https://www.zhainanfulishe.net/wp-content/uploads/2018/03/172438t2xt0zj70yxp5pp6.jpg\" alt=\"172438t2xt0zj70yxp5pp6\" width=\"600\" height=\"800\"></a></p><p>其实像西村妮娜这样引退再复出或是改名再复出的案例非常多，</p><p>无不就是更换事务所，导致原本的艺名无法再使用，</p><p>或是觉得自己钱赚得够多了，</p><p>但是钱总有花完的一天、只好再次下海拍摄，</p><p><a href=\"https://www.zhainanfulishe.net/wp-content/uploads/2018/03/172432fnrprqzneflietlz.jpg\" class=\"prettyPhoto_gall\" rel=\"prettyPhoto[gallery1]\"><img class=\"size-full wp-image-15575 aligncenter\" src=\"https://www.zhainanfulishe.net/wp-content/uploads/2018/03/172432fnrprqzneflietlz.jpg\" alt=\"172432fnrprqzneflietlz\" width=\"600\" height=\"450\"></a></p><p>目前所属于Excelia Promotion事务所的西村妮娜，</p><p>是大名鼎鼎的「汁波蜜/蕾」的师妹，</p><p>除了双手都掌握不了的长辈吓人以外，</p><p>她的粉红乳晕乳首更是最大卖点之一，</p><p>有别于一般“爆乳”型<a href=\"https://www.zhainanfulishe.net/tag/%e5%a5%b3%e4%bc%98\" class=\"tooltip-trigger tin\" title=\"查看更多关于 女优 的文章\" target=\"_blank\">女优</a>，</p><p>她的乳头部份可以说是相当精致，</p><p><a href=\"https://www.zhainanfulishe.net/wp-content/uploads/2018/03/172430vrvvv6xwvivpg6mp.jpg\" class=\"prettyPhoto_gall\" rel=\"prettyPhoto[gallery1]\"><img class=\"size-full wp-image-15574 aligncenter\" src=\"https://www.zhainanfulishe.net/wp-content/uploads/2018/03/172430vrvvv6xwvivpg6mp.jpg\" alt=\"172430vrvvv6xwvivpg6mp\" width=\"600\" height=\"800\"></a></p><p>2018年她也顺利入围了成人广播大赏的作品赏，</p><p>虽然未得名但也是一种相当程度的肯定，</p><p>拥有天然巨乳与大姊姊气息的她，</p><p>希望今后也能顺利发展呢！</p><p><a href=\"https://www.zhainanfulishe.net/wp-content/uploads/2018/03/172421ucqruju8vjorjscc.jpg\" class=\"prettyPhoto_gall\" rel=\"prettyPhoto[gallery1]\"><img class=\"size-full wp-image-15573 aligncenter\" src=\"https://www.zhainanfulishe.net/wp-content/uploads/2018/03/172421ucqruju8vjorjscc.jpg\" alt=\"172421ucqruju8vjorjscc\" width=\"600\" height=\"800\"></a></p><p><a href=\"https://www.zhainanfulishe.net/wp-content/uploads/2018/03/172420oo02z7hqecqoo0ik.jpg\" class=\"prettyPhoto_gall\" rel=\"prettyPhoto[gallery1]\"><img class=\"size-full wp-image-15572 aligncenter\" src=\"https://www.zhainanfulishe.net/wp-content/uploads/2018/03/172420oo02z7hqecqoo0ik.jpg\" alt=\"172420oo02z7hqecqoo0ik\" width=\"600\" height=\"800\"></a></p><p><a href=\"https://www.zhainanfulishe.net/wp-content/uploads/2018/03/172419cu5251rkq5i71zc3.jpg\" class=\"prettyPhoto_gall\" rel=\"prettyPhoto[gallery1]\"><img class=\"size-full wp-image-15571 aligncenter\" src=\"https://www.zhainanfulishe.net/wp-content/uploads/2018/03/172419cu5251rkq5i71zc3.jpg\" alt=\"172419cu5251rkq5i71zc3\" width=\"600\" height=\"758\"></a></p><p><a href=\"https://www.zhainanfulishe.net/wp-content/uploads/2018/03/172418p5yt0qftzfzi6tti.jpg\" class=\"prettyPhoto_gall\" rel=\"prettyPhoto[gallery1]\"><img class=\"size-full wp-image-15570 aligncenter\" src=\"https://www.zhainanfulishe.net/wp-content/uploads/2018/03/172418p5yt0qftzfzi6tti.jpg\" alt=\"172418p5yt0qftzfzi6tti\" width=\"600\" height=\"450\"></a></p><p><a href=\"https://www.zhainanfulishe.net/wp-content/uploads/2018/03/172417q4xwqwluxb1xezuh.jpg\" class=\"prettyPhoto_gall\" rel=\"prettyPhoto[gallery1]\"><img class=\"size-full wp-image-15569 aligncenter\" src=\"https://www.zhainanfulishe.net/wp-content/uploads/2018/03/172417q4xwqwluxb1xezuh.jpg\" alt=\"172417q4xwqwluxb1xezuh\" width=\"600\" height=\"800\"></a></p><p> </p><!-- Page links --><!-- /.Page links -->"
    },
    {
      "url": "https://www.zhainanfulishe.net/15508.html",
      "lable": "「喜欢女性裸体」而跨入麻豆界的女体爱好者——「七菜乃」",
      "title": "「喜欢女性裸体」而跨入麻豆界的女体爱好者——「七菜乃」",
      "content": "<p>日本除了有情色女王「坛蜜」之外，还有这个新宠儿「<a href=\"https://www.zhainanfulishe.net/tag/%e4%b8%83%e8%8f%9c%e4%b9%83\" class=\"tooltip-trigger tin\" title=\"查看更多关于 七菜乃 的文章\" target=\"_blank\">七菜乃</a>」，虽然身材真的很纤瘦，但是她却是个女体爱好者，她说当初位愿意来当裸体模特是因为自己「喜欢女生裸体」，所以才会愿意各种大尺度的写真拍摄！</p><p><a href=\"https://www.zhainanfulishe.net/wp-content/uploads/2018/03/11340547gk1klzkjljxafi.jpg\" class=\"prettyPhoto_gall\" rel=\"prettyPhoto[gallery1]\"><img class=\"size-full wp-image-15517 aligncenter\" src=\"https://www.zhainanfulishe.net/wp-content/uploads/2018/03/11340547gk1klzkjljxafi.jpg\" alt=\"11340547gk1klzkjljxafi\" width=\"640\" height=\"640\"></a></p><p><a href=\"https://www.zhainanfulishe.net/wp-content/uploads/2018/03/113404lewcbwih557lcl8u.jpg\" class=\"prettyPhoto_gall\" rel=\"prettyPhoto[gallery1]\"><img class=\"size-full wp-image-15512 aligncenter\" src=\"https://www.zhainanfulishe.net/wp-content/uploads/2018/03/113404lewcbwih557lcl8u.jpg\" alt=\"113404lewcbwih557lcl8u\" width=\"640\" height=\"640\"></a></p><p><a href=\"https://www.zhainanfulishe.net/wp-content/uploads/2018/03/113402933i9re3pgerg99e.jpg\" class=\"prettyPhoto_gall\" rel=\"prettyPhoto[gallery1]\"><img class=\"size-full wp-image-15518 aligncenter\" src=\"https://www.zhainanfulishe.net/wp-content/uploads/2018/03/113402933i9re3pgerg99e.jpg\" alt=\"113402933i9re3pgerg99e\" width=\"640\" height=\"640\"></a></p><p>但是可以发现，七菜乃真的非常瘦，但是却有满满的腹肌，虽然社长个人比较偏好微肉一点的身材...</p><p><a href=\"https://www.zhainanfulishe.net/wp-content/uploads/2018/03/1134050czpp0o74mlpc8r1.jpg\" class=\"prettyPhoto_gall\" rel=\"prettyPhoto[gallery1]\"><img class=\"size-full wp-image-15516 aligncenter\" src=\"https://www.zhainanfulishe.net/wp-content/uploads/2018/03/1134050czpp0o74mlpc8r1.jpg\" alt=\"1134050czpp0o74mlpc8r1\" width=\"640\" height=\"640\"></a></p><p><a href=\"https://www.zhainanfulishe.net/wp-content/uploads/2018/03/113407tip15borz9am5c9l.jpg\" class=\"prettyPhoto_gall\" rel=\"prettyPhoto[gallery1]\"><img class=\"size-full wp-image-15514 aligncenter\" src=\"https://www.zhainanfulishe.net/wp-content/uploads/2018/03/113407tip15borz9am5c9l.jpg\" alt=\"113407tip15borz9am5c9l\" width=\"640\" height=\"640\"></a></p><p><a href=\"https://www.zhainanfulishe.net/wp-content/uploads/2018/03/113406cspuqspq633mmebb.jpg\" class=\"prettyPhoto_gall\" rel=\"prettyPhoto[gallery1]\"><img class=\"size-full wp-image-15513 aligncenter\" src=\"https://www.zhainanfulishe.net/wp-content/uploads/2018/03/113406cspuqspq633mmebb.jpg\" alt=\"113406cspuqspq633mmebb\" width=\"640\" height=\"640\"></a></p><p>七菜乃说自己平常的兴趣就是看写真，会揣摩写真内女生的各种撩人姿势~由此可看出七菜乃真的非常投入这个裸体<a href=\"https://www.zhainanfulishe.net/tag/%e9%ba%bb%e8%b1%86\" class=\"tooltip-trigger tin\" title=\"查看更多关于 麻豆 的文章\" target=\"_blank\">麻豆</a>的工作啊！</p><p><a href=\"https://www.zhainanfulishe.net/wp-content/uploads/2018/03/113403p0yn52eb4218ve70.jpg\" class=\"prettyPhoto_gall\" rel=\"prettyPhoto[gallery1]\"><img class=\"size-full wp-image-15511 aligncenter\" src=\"https://www.zhainanfulishe.net/wp-content/uploads/2018/03/113403p0yn52eb4218ve70.jpg\" alt=\"113403p0yn52eb4218ve70\" width=\"640\" height=\"640\"></a></p><p><a href=\"https://www.zhainanfulishe.net/wp-content/uploads/2018/03/113403ikc4zcq02sg0qnfs.jpg\" class=\"prettyPhoto_gall\" rel=\"prettyPhoto[gallery1]\"><img class=\"size-full wp-image-15510 aligncenter\" src=\"https://www.zhainanfulishe.net/wp-content/uploads/2018/03/113403ikc4zcq02sg0qnfs.jpg\" alt=\"113403ikc4zcq02sg0qnfs\" width=\"640\" height=\"640\"></a></p><p><a href=\"https://www.zhainanfulishe.net/wp-content/uploads/2018/03/113402oixb8f9kkf0f97tt.jpg\" class=\"prettyPhoto_gall\" rel=\"prettyPhoto[gallery1]\"><img class=\"size-full wp-image-15509 aligncenter\" src=\"https://www.zhainanfulishe.net/wp-content/uploads/2018/03/113402oixb8f9kkf0f97tt.jpg\" alt=\"113402oixb8f9kkf0f97tt\" width=\"640\" height=\"640\"></a></p><p><a href=\"https://www.zhainanfulishe.net/wp-content/uploads/2018/03/113408pyzqpm5ps887pyps.jpg\" class=\"prettyPhoto_gall\" rel=\"prettyPhoto[gallery1]\"><img class=\"size-full wp-image-15515 aligncenter\" src=\"https://www.zhainanfulishe.net/wp-content/uploads/2018/03/113408pyzqpm5ps887pyps.jpg\" alt=\"113408pyzqpm5ps887pyps\" width=\"640\" height=\"640\"></a></p><p> </p><!-- Page links --><!-- /.Page links -->"
    },
    {
      "url": "https://www.zhainanfulishe.net/15411.html",
      "lable": "包不住的和服「嫩乳诱惑」！完美「水滴状」重到撑不住，只好摊桌上了！",
      "title": "包不住的和服「嫩乳诱惑」！完美「水滴状」重到撑不住，只好摊桌上了！",
      "content": "<p>和服真的是挡不住的诱惑！大家知道和服的设计露出女生脖子后方，在古代是种无法阻挡的性感吗？时至今日我们能够看到性感妹子和服下的所有肉色，这在古代可是超难想像啊～</p><p><a href=\"https://www.zhainanfulishe.net/wp-content/uploads/2018/03/161133d759tdww5w7c15ts.jpg\" class=\"prettyPhoto_gall\" rel=\"prettyPhoto[gallery1]\"><img class=\"size-full wp-image-15431 aligncenter\" src=\"https://www.zhainanfulishe.net/wp-content/uploads/2018/03/161133d759tdww5w7c15ts.jpg\" alt=\"161133d759tdww5w7c15ts\" width=\"640\" height=\"880\"></a></p><p><a href=\"https://www.zhainanfulishe.net/wp-content/uploads/2018/03/161134hq808fqyl5y4aqqb.jpg\" class=\"prettyPhoto_gall\" rel=\"prettyPhoto[gallery1]\"><img class=\"size-full wp-image-15432 aligncenter\" src=\"https://www.zhainanfulishe.net/wp-content/uploads/2018/03/161134hq808fqyl5y4aqqb.jpg\" alt=\"161134hq808fqyl5y4aqqb\" width=\"640\" height=\"881\"></a></p><p><a href=\"https://www.zhainanfulishe.net/wp-content/uploads/2018/03/161135h2pthai8x828xixl.jpg\" class=\"prettyPhoto_gall\" rel=\"prettyPhoto[gallery1]\"><img class=\"size-full wp-image-15433 aligncenter\" src=\"https://www.zhainanfulishe.net/wp-content/uploads/2018/03/161135h2pthai8x828xixl.jpg\" alt=\"161135h2pthai8x828xixl\" width=\"640\" height=\"464\"></a></p><p><a href=\"https://www.zhainanfulishe.net/wp-content/uploads/2018/03/161136cg1v1z13dcfz2g2g.jpg\" class=\"prettyPhoto_gall\" rel=\"prettyPhoto[gallery1]\"><img class=\"size-full wp-image-15434 aligncenter\" src=\"https://www.zhainanfulishe.net/wp-content/uploads/2018/03/161136cg1v1z13dcfz2g2g.jpg\" alt=\"161136cg1v1z13dcfz2g2g\" width=\"640\" height=\"928\"></a></p><p><a href=\"https://www.zhainanfulishe.net/wp-content/uploads/2018/03/161136pgmc6kvtcksgf3zv.jpg\" class=\"prettyPhoto_gall\" rel=\"prettyPhoto[gallery1]\"><img class=\"size-full wp-image-15435 aligncenter\" src=\"https://www.zhainanfulishe.net/wp-content/uploads/2018/03/161136pgmc6kvtcksgf3zv.jpg\" alt=\"161136pgmc6kvtcksgf3zv\" width=\"640\" height=\"456\"></a></p><p><a href=\"https://www.zhainanfulishe.net/wp-content/uploads/2018/03/161129gzm2bz889zppmfm2.jpg\" class=\"prettyPhoto_gall\" rel=\"prettyPhoto[gallery1]\"><img class=\"size-full wp-image-15426 aligncenter\" src=\"https://www.zhainanfulishe.net/wp-content/uploads/2018/03/161129gzm2bz889zppmfm2.jpg\" alt=\"161129gzm2bz889zppmfm2\" width=\"640\" height=\"904\"></a></p><p>今天就由对岸的大尺度辣模为我们完美诠释，一套和服究竟可以带来多少杀伤力！没有内在美的束缚之下，妹子完美的乳型完全呈现在眼前，貌似还是大家心中最爱的「水滴状」呢！这身材搭配上服装的伤害值，真的远远超过想像！</p><p><a href=\"https://www.zhainanfulishe.net/wp-content/uploads/2018/03/16113430827uxpah5hj2qh.jpg\" class=\"prettyPhoto_gall\" rel=\"prettyPhoto[gallery1]\"><img class=\"size-full wp-image-15438 aligncenter\" src=\"https://www.zhainanfulishe.net/wp-content/uploads/2018/03/16113430827uxpah5hj2qh.jpg\" alt=\"16113430827uxpah5hj2qh\" width=\"640\" height=\"480\"></a></p><p><a href=\"https://www.zhainanfulishe.net/wp-content/uploads/2018/03/161127925m55watatnfftw.jpg\" class=\"prettyPhoto_gall\" rel=\"prettyPhoto[gallery1]\"><img class=\"size-full wp-image-15437 aligncenter\" src=\"https://www.zhainanfulishe.net/wp-content/uploads/2018/03/161127925m55watatnfftw.jpg\" alt=\"161127925m55watatnfftw\" width=\"640\" height=\"920\"></a></p><p><a href=\"https://www.zhainanfulishe.net/wp-content/uploads/2018/03/16112400ytbn7a0xhx90zk.jpg\" class=\"prettyPhoto_gall\" rel=\"prettyPhoto[gallery1]\"><img class=\"size-full wp-image-15436 aligncenter\" src=\"https://www.zhainanfulishe.net/wp-content/uploads/2018/03/16112400ytbn7a0xhx90zk.jpg\" alt=\"16112400ytbn7a0xhx90zk\" width=\"640\" height=\"904\"></a></p><p><a href=\"https://www.zhainanfulishe.net/wp-content/uploads/2018/03/161132zmnmtt21i36t8mtq.jpg\" class=\"prettyPhoto_gall\" rel=\"prettyPhoto[gallery1]\"><img class=\"size-full wp-image-15430 aligncenter\" src=\"https://www.zhainanfulishe.net/wp-content/uploads/2018/03/161132zmnmtt21i36t8mtq.jpg\" alt=\"161132zmnmtt21i36t8mtq\" width=\"640\" height=\"842\"></a></p><p><a href=\"https://www.zhainanfulishe.net/wp-content/uploads/2018/03/161131earu8y2dkeir1zsk.jpg\" class=\"prettyPhoto_gall\" rel=\"prettyPhoto[gallery1]\"><img class=\"size-full wp-image-15429 aligncenter\" src=\"https://www.zhainanfulishe.net/wp-content/uploads/2018/03/161131earu8y2dkeir1zsk.jpg\" alt=\"161131earu8y2dkeir1zsk\" width=\"640\" height=\"910\"></a></p><p><a href=\"https://www.zhainanfulishe.net/wp-content/uploads/2018/03/161130wy5656z7ccvu3bz6.jpg\" class=\"prettyPhoto_gall\" rel=\"prettyPhoto[gallery1]\"><img class=\"size-full wp-image-15428 aligncenter\" src=\"https://www.zhainanfulishe.net/wp-content/uploads/2018/03/161130wy5656z7ccvu3bz6.jpg\" alt=\"161130wy5656z7ccvu3bz6\" width=\"640\" height=\"864\"></a></p><p><a href=\"https://www.zhainanfulishe.net/wp-content/uploads/2018/03/161130kcghdbxx5uccxczz.jpg\" class=\"prettyPhoto_gall\" rel=\"prettyPhoto[gallery1]\"><img class=\"size-full wp-image-15427 aligncenter\" src=\"https://www.zhainanfulishe.net/wp-content/uploads/2018/03/161130kcghdbxx5uccxczz.jpg\" alt=\"161130kcghdbxx5uccxczz\" width=\"640\" height=\"832\"></a></p><p>看到妹子穿这样在眼前出现，谁能忍住不将她扑倒呢！只要是简单的男人我想都无法拒绝啊…</p><p><a href=\"https://www.zhainanfulishe.net/wp-content/uploads/2018/03/161128jbvhhnqavj0szhhb.jpg\" class=\"prettyPhoto_gall\" rel=\"prettyPhoto[gallery1]\"><img class=\"size-full wp-image-15425 aligncenter\" src=\"https://www.zhainanfulishe.net/wp-content/uploads/2018/03/161128jbvhhnqavj0szhhb.jpg\" alt=\"161128jbvhhnqavj0szhhb\" width=\"640\" height=\"891\"></a></p><p><a href=\"https://www.zhainanfulishe.net/wp-content/uploads/2018/03/161126iy7kzk6asdj0kkks.jpg\" class=\"prettyPhoto_gall\" rel=\"prettyPhoto[gallery1]\"><img class=\"size-full wp-image-15424 aligncenter\" src=\"https://www.zhainanfulishe.net/wp-content/uploads/2018/03/161126iy7kzk6asdj0kkks.jpg\" alt=\"161126iy7kzk6asdj0kkks\" width=\"640\" height=\"888\"></a></p><p><a href=\"https://www.zhainanfulishe.net/wp-content/uploads/2018/03/161125ndt4h8ha320edeat.jpg\" class=\"prettyPhoto_gall\" rel=\"prettyPhoto[gallery1]\"><img class=\"size-full wp-image-15423 aligncenter\" src=\"https://www.zhainanfulishe.net/wp-content/uploads/2018/03/161125ndt4h8ha320edeat.jpg\" alt=\"161125ndt4h8ha320edeat\" width=\"640\" height=\"944\"></a></p><p><a href=\"https://www.zhainanfulishe.net/wp-content/uploads/2018/03/161123w02yd2hzuqv4czwn.jpg\" class=\"prettyPhoto_gall\" rel=\"prettyPhoto[gallery1]\"><img class=\"size-full wp-image-15422 aligncenter\" src=\"https://www.zhainanfulishe.net/wp-content/uploads/2018/03/161123w02yd2hzuqv4czwn.jpg\" alt=\"161123w02yd2hzuqv4czwn\" width=\"640\" height=\"960\"></a></p><p><a href=\"https://www.zhainanfulishe.net/wp-content/uploads/2018/03/161123nn3js3j8sa8zemsx.jpg\" class=\"prettyPhoto_gall\" rel=\"prettyPhoto[gallery1]\"><img class=\"size-full wp-image-15421 aligncenter\" src=\"https://www.zhainanfulishe.net/wp-content/uploads/2018/03/161123nn3js3j8sa8zemsx.jpg\" alt=\"161123nn3js3j8sa8zemsx\" width=\"640\" height=\"424\"></a></p><p><a href=\"https://www.zhainanfulishe.net/wp-content/uploads/2018/03/161122vtjellsgegl1zs5q.jpg\" class=\"prettyPhoto_gall\" rel=\"prettyPhoto[gallery1]\"><img class=\"size-full wp-image-15420 aligncenter\" src=\"https://www.zhainanfulishe.net/wp-content/uploads/2018/03/161122vtjellsgegl1zs5q.jpg\" alt=\"161122vtjellsgegl1zs5q\" width=\"640\" height=\"936\"></a></p><p><a href=\"https://www.zhainanfulishe.net/wp-content/uploads/2018/03/161121cogvrx37b6zrb11c.jpg\" class=\"prettyPhoto_gall\" rel=\"prettyPhoto[gallery1]\"><img class=\"size-full wp-image-15419 aligncenter\" src=\"https://www.zhainanfulishe.net/wp-content/uploads/2018/03/161121cogvrx37b6zrb11c.jpg\" alt=\"161121cogvrx37b6zrb11c\" width=\"640\" height=\"896\"></a></p><p><a href=\"https://www.zhainanfulishe.net/wp-content/uploads/2018/03/161120bba9snbbw5dapx4w.jpg\" class=\"prettyPhoto_gall\" rel=\"prettyPhoto[gallery1]\"><img class=\"size-full wp-image-15418 aligncenter\" src=\"https://www.zhainanfulishe.net/wp-content/uploads/2018/03/161120bba9snbbw5dapx4w.jpg\" alt=\"161120bba9snbbw5dapx4w\" width=\"640\" height=\"888\"></a></p><p><a href=\"https://www.zhainanfulishe.net/wp-content/uploads/2018/03/161119wugh2gb51baet1wb.jpg\" class=\"prettyPhoto_gall\" rel=\"prettyPhoto[gallery1]\"><img class=\"size-full wp-image-15417 aligncenter\" src=\"https://www.zhainanfulishe.net/wp-content/uploads/2018/03/161119wugh2gb51baet1wb.jpg\" alt=\"161119wugh2gb51baet1wb\" width=\"640\" height=\"960\"></a></p><p><a href=\"https://www.zhainanfulishe.net/wp-content/uploads/2018/03/161118p7xq7vu8bzvfzz8p.jpg\" class=\"prettyPhoto_gall\" rel=\"prettyPhoto[gallery1]\"><img class=\"size-full wp-image-15416 aligncenter\" src=\"https://www.zhainanfulishe.net/wp-content/uploads/2018/03/161118p7xq7vu8bzvfzz8p.jpg\" alt=\"161118p7xq7vu8bzvfzz8p\" width=\"640\" height=\"960\"></a></p><p><a href=\"https://www.zhainanfulishe.net/wp-content/uploads/2018/03/161117jtvbjcod7ddpbtd0.jpg\" class=\"prettyPhoto_gall\" rel=\"prettyPhoto[gallery1]\"><img class=\"size-full wp-image-15415 aligncenter\" src=\"https://www.zhainanfulishe.net/wp-content/uploads/2018/03/161117jtvbjcod7ddpbtd0.jpg\" alt=\"161117jtvbjcod7ddpbtd0\" width=\"640\" height=\"936\"></a></p><p><a href=\"https://www.zhainanfulishe.net/wp-content/uploads/2018/03/161116w2u7wjt39b2yyz4y.jpg\" class=\"prettyPhoto_gall\" rel=\"prettyPhoto[gallery1]\"><img class=\"size-full wp-image-15414 aligncenter\" src=\"https://www.zhainanfulishe.net/wp-content/uploads/2018/03/161116w2u7wjt39b2yyz4y.jpg\" alt=\"161116w2u7wjt39b2yyz4y\" width=\"640\" height=\"856\"></a></p><p><a href=\"https://www.zhainanfulishe.net/wp-content/uploads/2018/03/161116cxbddvclcn65avqx.jpg\" class=\"prettyPhoto_gall\" rel=\"prettyPhoto[gallery1]\"><img class=\"size-full wp-image-15413 aligncenter\" src=\"https://www.zhainanfulishe.net/wp-content/uploads/2018/03/161116cxbddvclcn65avqx.jpg\" alt=\"161116cxbddvclcn65avqx\" width=\"640\" height=\"864\"></a></p><!-- Page links --><!-- /.Page links -->"
    },
    {
      "url": "https://www.zhainanfulishe.net/15333.html",
      "lable": "「魔鬼中的天使」越南姑娘《Vo Ngoc Tran》，你能看出她只有16岁吗",
      "title": "「魔鬼中的天使」越南姑娘《Vo Ngoc Tran》，你能看出她只有16岁吗",
      "content": "<p>最近东南亚的妹子不知道怎么回事，各个都拥有良好的基因阿（发育上面）。不知道眼尖的点友们有没有在PTT表特上面发现一名身材超好的运动服妹子！</p><p><a href=\"https://www.zhainanfulishe.net/wp-content/uploads/2018/02/15197145034564519.jpeg\" class=\"prettyPhoto_gall\" rel=\"prettyPhoto[gallery1]\"><img class=\"size-full wp-image-15339 aligncenter\" src=\"https://www.zhainanfulishe.net/wp-content/uploads/2018/02/15197145034564519.jpeg\" alt=\"15197145034564519\" width=\"450\" height=\"563\"></a></p><p>这名颜值直逼女星的美眉是越南人，不要以为她是在cosplay。因为她是货真价实现役女高中生哦~</p><p><a href=\"https://www.zhainanfulishe.net/wp-content/uploads/2018/02/15197145039404770.jpeg\" class=\"prettyPhoto_gall\" rel=\"prettyPhoto[gallery1]\"><img class=\"size-full wp-image-15347 aligncenter\" src=\"https://www.zhainanfulishe.net/wp-content/uploads/2018/02/15197145039404770.jpeg\" alt=\"15197145039404770\" width=\"450\" height=\"484\"></a></p><p>▼现年１６岁的<a href=\"https://www.zhainanfulishe.net/tag/vo-ngoc-tran\" class=\"tooltip-trigger tin\" title=\"查看更多关于 Vo Ngoc Tran 的文章\" target=\"_blank\">Vo Ngoc Tran</a>居住在越南胡志民市</p><p><a href=\"https://www.zhainanfulishe.net/wp-content/uploads/2018/02/15197145038347520.jpeg\" class=\"prettyPhoto_gall\" rel=\"prettyPhoto[gallery1]\"><img class=\"size-full wp-image-15346 aligncenter\" src=\"https://www.zhainanfulishe.net/wp-content/uploads/2018/02/15197145038347520.jpeg\" alt=\"15197145038347520\" width=\"450\" height=\"571\"></a></p><p>身高164公分的Vo Ngoc Tran，年纪轻轻的三围就已经有92-59-95惊人数字了！</p><p><a href=\"https://www.zhainanfulishe.net/wp-content/uploads/2018/02/15197145037316695.jpeg\" class=\"prettyPhoto_gall\" rel=\"prettyPhoto[gallery1]\"><img class=\"size-full wp-image-15344 aligncenter\" src=\"https://www.zhainanfulishe.net/wp-content/uploads/2018/02/15197145037316695.jpeg\" alt=\"15197145037316695\" width=\"450\" height=\"598\"></a></p><p>Vo Ngoc Tra平常就很喜欢拍照上传社群网站来分享生活，由于实在太美被网友发掘后立刻爆红，脸书瞬间有了１２万名粉丝追踪！</p><p><a href=\"https://www.zhainanfulishe.net/wp-content/uploads/2018/02/15197145036290093.jpeg\" class=\"prettyPhoto_gall\" rel=\"prettyPhoto[gallery1]\"><img class=\"size-full wp-image-15342 aligncenter\" src=\"https://www.zhainanfulishe.net/wp-content/uploads/2018/02/15197145036290093.jpeg\" alt=\"15197145036290093\" width=\"450\" height=\"564\"></a></p><p>▼经常微笑的Vo Ngoc Tran甜的像朵花</p><p>不穿<a href=\"https://www.zhainanfulishe.net/tag/%e5%88%b6%e6%9c%8d\" class=\"tooltip-trigger tin\" title=\"查看更多关于 制服 的文章\" target=\"_blank\">制服</a>的时候根本觉得她已经成年了阿！</p><p><a href=\"https://www.zhainanfulishe.net/wp-content/uploads/2018/02/15197145035260722.jpeg\" class=\"prettyPhoto_gall\" rel=\"prettyPhoto[gallery1]\"><img class=\"size-full wp-image-15340 aligncenter\" src=\"https://www.zhainanfulishe.net/wp-content/uploads/2018/02/15197145035260722.jpeg\" alt=\"15197145035260722\" width=\"450\" height=\"563\"></a></p><p>拥有天使的脸蛋和魔鬼的身材，网友称呼为「魔鬼中的天使」</p><p><a href=\"https://www.zhainanfulishe.net/wp-content/uploads/2018/02/15197145032490428.jpeg\" class=\"prettyPhoto_gall\" rel=\"prettyPhoto[gallery1]\"><img class=\"size-full wp-image-15337 aligncenter\" src=\"https://www.zhainanfulishe.net/wp-content/uploads/2018/02/15197145032490428.jpeg\" alt=\"15197145032490428\" width=\"450\" height=\"541\"></a></p><p>▼穿著制服Vo Ngoc Tran让人有种想要犯罪冲动阿</p><p><a href=\"https://www.zhainanfulishe.net/wp-content/uploads/2018/02/15197145033518076.jpeg\" class=\"prettyPhoto_gall\" rel=\"prettyPhoto[gallery1]\"><img class=\"size-full wp-image-15338 aligncenter\" src=\"https://www.zhainanfulishe.net/wp-content/uploads/2018/02/15197145033518076.jpeg\" alt=\"15197145033518076\" width=\"450\" height=\"597\"></a></p><p>雄伟的双峰快要把制服给撑破了说</p><p><a href=\"https://www.zhainanfulishe.net/wp-content/uploads/2018/02/15197145031457973.jpeg\" class=\"prettyPhoto_gall\" rel=\"prettyPhoto[gallery1]\"><img class=\"size-full wp-image-15336 aligncenter\" src=\"https://www.zhainanfulishe.net/wp-content/uploads/2018/02/15197145031457973.jpeg\" alt=\"15197145031457973\" width=\"450\" height=\"514\"></a></p><p>不相信是真胸吗？只要背上斜背袋就真相大白啰</p><p><a href=\"https://www.zhainanfulishe.net/wp-content/uploads/2018/02/15197145035591987.jpeg\" class=\"prettyPhoto_gall\" rel=\"prettyPhoto[gallery1]\"><img class=\"size-full wp-image-15341 aligncenter\" src=\"https://www.zhainanfulishe.net/wp-content/uploads/2018/02/15197145035591987.jpeg\" alt=\"15197145035591987\" width=\"450\" height=\"520\"></a></p><p>▼Vo Ngoc Tran说拥有这样样貌，都要归功于自己的华裔美人妈妈</p><p><a href=\"https://www.zhainanfulishe.net/wp-content/uploads/2018/02/15197145036625953.jpeg\" class=\"prettyPhoto_gall\" rel=\"prettyPhoto[gallery1]\"><img class=\"size-full wp-image-15343 aligncenter\" src=\"https://www.zhainanfulishe.net/wp-content/uploads/2018/02/15197145036625953.jpeg\" alt=\"15197145036625953\" width=\"450\" height=\"563\"></a></p><p>不过人红是非多Vo Ngoc Tran说过很多粉丝用不友善的眼光看待她，因此Vo Ngoc Tran说过对于不好的地方也会善加改进，还说未来要成为老师（棒）</p><p><a href=\"https://www.zhainanfulishe.net/wp-content/uploads/2018/02/15197145030430539.jpeg\" class=\"prettyPhoto_gall\" rel=\"prettyPhoto[gallery1]\"><img class=\"size-full wp-image-15335 aligncenter\" src=\"https://www.zhainanfulishe.net/wp-content/uploads/2018/02/15197145030430539.jpeg\" alt=\"15197145030430539\" width=\"450\" height=\"507\"></a></p><p>▼最后给点友们一张Vo Ngoc Tran的福利动图</p><p><a href=\"https://www.zhainanfulishe.net/wp-content/uploads/2018/02/15197145037657876.gif\" class=\"prettyPhoto_gall\" rel=\"prettyPhoto[gallery1]\"><img class=\"size-full wp-image-15345 aligncenter\" src=\"https://www.zhainanfulishe.net/wp-content/uploads/2018/02/15197145037657876.gif\" alt=\"15197145037657876\" width=\"537\" height=\"400\"></a></p><p>觉得个性这么好的妹子，小编衷心希望她可以达成自己的目标啊</p><!-- Page links --><!-- /.Page links -->"
    },
    {
      "url": "https://www.zhainanfulishe.net/15102.html",
      "lable": "写真偶像：川越ゆい — 想成为全世界最有趣的AV女优！",
      "title": "写真偶像：川越ゆい — 想成为全世界最有趣的AV女优！",
      "content": "<p>今天介绍的这一位<a href=\"https://www.zhainanfulishe.net/tag/%e5%a5%b3%e4%bc%98\" class=\"tooltip-trigger tin\" title=\"查看更多关于 女优 的文章\" target=\"_blank\">女优</a>帮大家见证了「25岁前都还来得及哦！」从高中开始就拍了非常多的写真，有高中生写真偶像之称的「<a href=\"https://www.zhainanfulishe.net/tag/%e5%b7%9d%e8%b6%8a%e5%94%af\" class=\"tooltip-trigger tin\" title=\"查看更多关于 川越唯 的文章\" target=\"_blank\">川越唯</a>（<a href=\"https://www.zhainanfulishe.net/tag/%e5%b7%9d%e8%b6%8a%e3%82%86%e3%81%84\" class=\"tooltip-trigger tin\" title=\"查看更多关于 川越ゆい 的文章\" target=\"_blank\">川越ゆい</a>）」，在写真偶像时代到18岁刚AV出道时都只有C罩杯，虽然堪用但总觉得少了点甚么…</p><p><a href=\"https://www.zhainanfulishe.net/wp-content/uploads/2018/02/175935mzzu515z1jldnmwu.jpg\" class=\"prettyPhoto_gall\" rel=\"prettyPhoto[gallery1]\"><img class=\"size-full wp-image-15114 aligncenter\" src=\"https://www.zhainanfulishe.net/wp-content/uploads/2018/02/175935mzzu515z1jldnmwu.jpg\" alt=\"175935mzzu515z1jldnmwu\" width=\"640\" height=\"350\"></a></p><p>但目前出道第五年，<a href=\"https://www.zhainanfulishe.net/tag/%e5%b7%9d%e8%b6%8a%e5%94%af\" class=\"tooltip-trigger tin\" title=\"查看更多关于 川越唯 的文章\" target=\"_blank\">川越唯</a>的长辈却已经急速发育到拥有F罩杯的巨大尺寸！原本就是白肉底长相又甜美的川越唯，加上F杯雪乳加持更是威力加倍，也让戏路总是只有高中女生的她有了更多发展空间，外表看起来娇滴滴的川越唯，其实有个别于一般女孩子的兴趣，那就是生存游戏！自称”枪女子”的她、只要有空闲就会去打生存游戏，只是这样的装扮也太过显目了吧XD</p><p><a href=\"https://www.zhainanfulishe.net/wp-content/uploads/2018/02/zhainanfulishe.net_2018-02-09_15-01-44.jpg\" class=\"prettyPhoto_gall\" rel=\"prettyPhoto[gallery1]\"><img class=\"size-full wp-image-15122 aligncenter\" src=\"https://www.zhainanfulishe.net/wp-content/uploads/2018/02/zhainanfulishe.net_2018-02-09_15-01-44.jpg\" alt=\"QQ截图20180209144545\" width=\"640\" height=\"243\"></a></p><p>而除了AV的事业，川越唯目前也积极挑战脱衣舞秀、主持与戏剧，并表示自己的目标，是想成为全世界最有趣（多才多艺）的<a href=\"https://www.zhainanfulishe.net/tag/av%e5%a5%b3%e4%bc%98\" class=\"tooltip-trigger tin\" title=\"查看更多关于 AV女优 的文章\" target=\"_blank\">AV女优</a>！目前总演出作品突破200部，闯荡AV界的少女也请大家多多支持啰！</p><p><a href=\"https://www.zhainanfulishe.net/wp-content/uploads/2018/02/1759369l25lgl50g004nww.jpg\" class=\"prettyPhoto_gall\" rel=\"prettyPhoto[gallery1]\"><img class=\"size-full wp-image-15120 aligncenter\" src=\"https://www.zhainanfulishe.net/wp-content/uploads/2018/02/1759369l25lgl50g004nww.jpg\" alt=\"1759369l25lgl50g004nww\" width=\"640\" height=\"640\"></a></p><p>【<a href=\"https://www.zhainanfulishe.net/tag/%e5%a5%b3%e4%bc%98\" class=\"tooltip-trigger tin\" title=\"查看更多关于 女优 的文章\" target=\"_blank\">女优</a>小档案】</p><p>女优名：川越唯（川越ゆい）</p><p>出生年月日：1993年8月8日星座：狮子座</p><p>血型：A型</p><p>身高：157cm</p><p>三围：88（F罩杯）- 58 - 85 cm</p><p>兴趣：动画，电影，生存游戏，演戏</p><p><a href=\"https://www.zhainanfulishe.net/wp-content/uploads/2018/02/17592941ga2zw1hagn2w44.jpg\" class=\"prettyPhoto_gall\" rel=\"prettyPhoto[gallery1]\"><img class=\"size-full wp-image-15121 aligncenter\" src=\"https://www.zhainanfulishe.net/wp-content/uploads/2018/02/17592941ga2zw1hagn2w44.jpg\" alt=\"17592941ga2zw1hagn2w44\" width=\"640\" height=\"1138\"></a></p><p><a href=\"https://www.zhainanfulishe.net/wp-content/uploads/2018/02/1759351s81gue44gq4rhe3.jpg\" class=\"prettyPhoto_gall\" rel=\"prettyPhoto[gallery1]\"><img class=\"size-full wp-image-15119 aligncenter\" src=\"https://www.zhainanfulishe.net/wp-content/uploads/2018/02/1759351s81gue44gq4rhe3.jpg\" alt=\"1759351s81gue44gq4rhe3\" width=\"640\" height=\"960\"></a></p><p><a href=\"https://www.zhainanfulishe.net/wp-content/uploads/2018/02/1759312ososb2qs6bs3sov.jpg\" class=\"prettyPhoto_gall\" rel=\"prettyPhoto[gallery1]\"><img class=\"size-full wp-image-15118 aligncenter\" src=\"https://www.zhainanfulishe.net/wp-content/uploads/2018/02/1759312ososb2qs6bs3sov.jpg\" alt=\"1759312ososb2qs6bs3sov\" width=\"640\" height=\"480\"></a></p><p><a href=\"https://www.zhainanfulishe.net/wp-content/uploads/2018/02/1759277vylm8omm5svoclg.jpg\" class=\"prettyPhoto_gall\" rel=\"prettyPhoto[gallery1]\"><img class=\"size-full wp-image-15117 aligncenter\" src=\"https://www.zhainanfulishe.net/wp-content/uploads/2018/02/1759277vylm8omm5svoclg.jpg\" alt=\"1759277vylm8omm5svoclg\" width=\"640\" height=\"853\"></a></p><p><a href=\"https://www.zhainanfulishe.net/wp-content/uploads/2018/02/175938zv58fzl0004gatp0.jpg\" class=\"prettyPhoto_gall\" rel=\"prettyPhoto[gallery1]\"><img class=\"size-full wp-image-15116 aligncenter\" src=\"https://www.zhainanfulishe.net/wp-content/uploads/2018/02/175938zv58fzl0004gatp0.jpg\" alt=\"175938zv58fzl0004gatp0\" width=\"640\" height=\"1138\"></a></p><p><a href=\"https://www.zhainanfulishe.net/wp-content/uploads/2018/02/175937g9647g4c4cgnwnl4.jpg\" class=\"prettyPhoto_gall\" rel=\"prettyPhoto[gallery1]\"><img class=\"size-full wp-image-15115 aligncenter\" src=\"https://www.zhainanfulishe.net/wp-content/uploads/2018/02/175937g9647g4c4cgnwnl4.jpg\" alt=\"175937g9647g4c4cgnwnl4\" width=\"640\" height=\"1138\"></a></p><p><a href=\"https://www.zhainanfulishe.net/wp-content/uploads/2018/02/175934yplgl2ldtwqzlllg.jpg\" class=\"prettyPhoto_gall\" rel=\"prettyPhoto[gallery1]\"><img class=\"size-full wp-image-15113 aligncenter\" src=\"https://www.zhainanfulishe.net/wp-content/uploads/2018/02/175934yplgl2ldtwqzlllg.jpg\" alt=\"175934yplgl2ldtwqzlllg\" width=\"640\" height=\"1138\"></a></p><p><a href=\"https://www.zhainanfulishe.net/wp-content/uploads/2018/02/175933dymriomky5muo9m8.jpg\" class=\"prettyPhoto_gall\" rel=\"prettyPhoto[gallery1]\"><img class=\"size-full wp-image-15112 aligncenter\" src=\"https://www.zhainanfulishe.net/wp-content/uploads/2018/02/175933dymriomky5muo9m8.jpg\" alt=\"175933dymriomky5muo9m8\" width=\"640\" height=\"1138\"></a></p><p><a href=\"https://www.zhainanfulishe.net/wp-content/uploads/2018/02/175932gtg332mbbyq5y2yq.jpg\" class=\"prettyPhoto_gall\" rel=\"prettyPhoto[gallery1]\"><img class=\"size-full wp-image-15111 aligncenter\" src=\"https://www.zhainanfulishe.net/wp-content/uploads/2018/02/175932gtg332mbbyq5y2yq.jpg\" alt=\"175932gtg332mbbyq5y2yq\" width=\"640\" height=\"853\"></a></p><p><a href=\"https://www.zhainanfulishe.net/wp-content/uploads/2018/02/175929aahblb8hzyltlh8b.jpg\" class=\"prettyPhoto_gall\" rel=\"prettyPhoto[gallery1]\"><img class=\"size-full wp-image-15110 aligncenter\" src=\"https://www.zhainanfulishe.net/wp-content/uploads/2018/02/175929aahblb8hzyltlh8b.jpg\" alt=\"175929aahblb8hzyltlh8b\" width=\"640\" height=\"1138\"></a></p><p><a href=\"https://www.zhainanfulishe.net/wp-content/uploads/2018/02/175928dg5tuu3tc8d7b8zm.jpg\" class=\"prettyPhoto_gall\" rel=\"prettyPhoto[gallery1]\"><img class=\"size-full wp-image-15109 aligncenter\" src=\"https://www.zhainanfulishe.net/wp-content/uploads/2018/02/175928dg5tuu3tc8d7b8zm.jpg\" alt=\"175928dg5tuu3tc8d7b8zm\" width=\"640\" height=\"853\"></a></p><p><a href=\"https://www.zhainanfulishe.net/wp-content/uploads/2018/02/125613pnxz3ejj49npfx3j.jpg\" class=\"prettyPhoto_gall\" rel=\"prettyPhoto[gallery1]\"><img class=\"size-full wp-image-15108 aligncenter\" src=\"https://www.zhainanfulishe.net/wp-content/uploads/2018/02/125613pnxz3ejj49npfx3j.jpg\" alt=\"125613pnxz3ejj49npfx3j\" width=\"640\" height=\"853\"></a></p><p> </p><!-- Page links --><!-- /.Page links -->"
    },
    {
      "url": "https://www.zhainanfulishe.net/15086.html",
      "lable": "「白皙E奶妹」化妆师 — Mier米儿",
      "title": "「白皙E奶妹」化妆师 — Mier米儿",
      "content": "<p>今天来帮大家介绍一位名副其实的E奶甜心，她是来自马来西亚的「<a href=\"https://www.zhainanfulishe.net/tag/mier%e7%b1%b3%e5%84%bf\" class=\"tooltip-trigger tin\" title=\"查看更多关于 Mier米儿 的文章\" target=\"_blank\">Mier米儿</a>」！米儿除了是化妆师之外，也是为业余模特儿（业余就这么辣> <）许多作品尺度之大，姿态之撩人完全不输职业模特啊！社长也是许愿她2018可以多务正业多拍一些福利照才是王道呀！</p><p><a href=\"https://www.zhainanfulishe.net/wp-content/uploads/2018/02/090053rkv9old3v8vv3uv2.jpg\" class=\"prettyPhoto_gall\" rel=\"prettyPhoto[gallery1]\"><img class=\"size-full wp-image-15096 aligncenter\" src=\"https://www.zhainanfulishe.net/wp-content/uploads/2018/02/090053rkv9old3v8vv3uv2.jpg\" alt=\"090053rkv9old3v8vv3uv2\" width=\"640\" height=\"426\" srcset=\"https://www.zhainanfulishe.net/wp-content/uploads/2018/02/090053rkv9old3v8vv3uv2-225x150.jpg 225w, https://www.zhainanfulishe.net/wp-content/uploads/2018/02/090053rkv9old3v8vv3uv2-375x250.jpg 375w, https://www.zhainanfulishe.net/wp-content/uploads/2018/02/090053rkv9old3v8vv3uv2.jpg 640w\" sizes=\"(max-width: 640px) 100vw, 640px\"></a></p><p><a href=\"https://www.zhainanfulishe.net/wp-content/uploads/2018/02/0900446reryu5377w7bbr5.jpg\" class=\"prettyPhoto_gall\" rel=\"prettyPhoto[gallery1]\"><img class=\"size-full wp-image-15099 aligncenter\" src=\"https://www.zhainanfulishe.net/wp-content/uploads/2018/02/0900446reryu5377w7bbr5.jpg\" alt=\"0900446reryu5377w7bbr5\" width=\"640\" height=\"580\"></a></p><p><a href=\"https://www.zhainanfulishe.net/wp-content/uploads/2018/02/0900481cuqauama89qcmm1.jpg\" class=\"prettyPhoto_gall\" rel=\"prettyPhoto[gallery1]\"><img class=\"size-full wp-image-15100 aligncenter\" src=\"https://www.zhainanfulishe.net/wp-content/uploads/2018/02/0900481cuqauama89qcmm1.jpg\" alt=\"0900481cuqauama89qcmm1\" width=\"640\" height=\"757\"></a></p><p><a href=\"https://www.zhainanfulishe.net/wp-content/uploads/2018/02/090054wgdbz89k8gp8gekb.jpg\" class=\"prettyPhoto_gall\" rel=\"prettyPhoto[gallery1]\"><img class=\"size-full wp-image-15098 aligncenter\" src=\"https://www.zhainanfulishe.net/wp-content/uploads/2018/02/090054wgdbz89k8gp8gekb.jpg\" alt=\"090054wgdbz89k8gp8gekb\" width=\"640\" height=\"699\"></a></p><p><a href=\"https://www.zhainanfulishe.net/wp-content/uploads/2018/02/090054pk2r3yreeu5y3yey.jpg\" class=\"prettyPhoto_gall\" rel=\"prettyPhoto[gallery1]\"><img class=\"size-full wp-image-15097 aligncenter\" src=\"https://www.zhainanfulishe.net/wp-content/uploads/2018/02/090054pk2r3yreeu5y3yey.jpg\" alt=\"090054pk2r3yreeu5y3yey\" width=\"640\" height=\"753\"></a></p><p><a href=\"https://www.zhainanfulishe.net/wp-content/uploads/2018/02/090052wmmbhh0wcllhmzfx.jpg\" class=\"prettyPhoto_gall\" rel=\"prettyPhoto[gallery1]\"><img class=\"size-full wp-image-15095 aligncenter\" src=\"https://www.zhainanfulishe.net/wp-content/uploads/2018/02/090052wmmbhh0wcllhmzfx.jpg\" alt=\"090052wmmbhh0wcllhmzfx\" width=\"640\" height=\"803\"></a></p><p><a href=\"https://www.zhainanfulishe.net/wp-content/uploads/2018/02/090051i33iq75r5x105ebn.jpg\" class=\"prettyPhoto_gall\" rel=\"prettyPhoto[gallery1]\"><img class=\"size-full wp-image-15094 aligncenter\" src=\"https://www.zhainanfulishe.net/wp-content/uploads/2018/02/090051i33iq75r5x105ebn.jpg\" alt=\"090051i33iq75r5x105ebn\" width=\"640\" height=\"752\"></a></p><p><a href=\"https://www.zhainanfulishe.net/wp-content/uploads/2018/02/090050l5aflotdq504ql77.jpg\" class=\"prettyPhoto_gall\" rel=\"prettyPhoto[gallery1]\"><img class=\"size-full wp-image-15093 aligncenter\" src=\"https://www.zhainanfulishe.net/wp-content/uploads/2018/02/090050l5aflotdq504ql77.jpg\" alt=\"090050l5aflotdq504ql77\" width=\"640\" height=\"802\"></a></p><p><a href=\"https://www.zhainanfulishe.net/wp-content/uploads/2018/02/090049rnt74407cptnhtzn.jpg\" class=\"prettyPhoto_gall\" rel=\"prettyPhoto[gallery1]\"><img class=\"size-full wp-image-15092 aligncenter\" src=\"https://www.zhainanfulishe.net/wp-content/uploads/2018/02/090049rnt74407cptnhtzn.jpg\" alt=\"090049rnt74407cptnhtzn\" width=\"640\" height=\"861\"></a></p><p><a href=\"https://www.zhainanfulishe.net/wp-content/uploads/2018/02/090048c1xsirszi7x7ixxi.jpg\" class=\"prettyPhoto_gall\" rel=\"prettyPhoto[gallery1]\"><img class=\"size-full wp-image-15091 aligncenter\" src=\"https://www.zhainanfulishe.net/wp-content/uploads/2018/02/090048c1xsirszi7x7ixxi.jpg\" alt=\"090048c1xsirszi7x7ixxi\" width=\"640\" height=\"803\"></a></p><p><a href=\"https://www.zhainanfulishe.net/wp-content/uploads/2018/02/090047czoyhsyolo8oo1l4.jpg\" class=\"prettyPhoto_gall\" rel=\"prettyPhoto[gallery1]\"><img class=\"size-full wp-image-15090 aligncenter\" src=\"https://www.zhainanfulishe.net/wp-content/uploads/2018/02/090047czoyhsyolo8oo1l4.jpg\" alt=\"090047czoyhsyolo8oo1l4\" width=\"640\" height=\"808\"></a></p><p><a href=\"https://www.zhainanfulishe.net/wp-content/uploads/2018/02/090046r0l28m8nlanikmar.jpg\" class=\"prettyPhoto_gall\" rel=\"prettyPhoto[gallery1]\"><img class=\"size-full wp-image-15089 aligncenter\" src=\"https://www.zhainanfulishe.net/wp-content/uploads/2018/02/090046r0l28m8nlanikmar.jpg\" alt=\"090046r0l28m8nlanikmar\" width=\"640\" height=\"531\"></a></p><p><a href=\"https://www.zhainanfulishe.net/wp-content/uploads/2018/02/090046akyaiiz0k5p5p0r7.jpg\" class=\"prettyPhoto_gall\" rel=\"prettyPhoto[gallery1]\"><img class=\"size-full wp-image-15088 aligncenter\" src=\"https://www.zhainanfulishe.net/wp-content/uploads/2018/02/090046akyaiiz0k5p5p0r7.jpg\" alt=\"090046akyaiiz0k5p5p0r7\" width=\"640\" height=\"759\"></a></p><p><a href=\"https://www.zhainanfulishe.net/wp-content/uploads/2018/02/090045e1kee7z7911zpuay.jpg\" class=\"prettyPhoto_gall\" rel=\"prettyPhoto[gallery1]\"><img class=\"size-full wp-image-15087 aligncenter\" src=\"https://www.zhainanfulishe.net/wp-content/uploads/2018/02/090045e1kee7z7911zpuay.jpg\" alt=\"090045e1kee7z7911zpuay\" width=\"640\" height=\"801\"></a></p><!-- Page links --><!-- /.Page links -->"
    },
    {
      "url": "https://www.zhainanfulishe.net/15124.html",
      "lable": "色气喷发！王雨纯「偷拍视角」局部私密照流出，耻度全开堪称D槽极品！",
      "title": "色气喷发！王雨纯「偷拍视角」局部私密照流出，耻度全开堪称D槽极品！",
      "content": "<p>继白天我们的雨纯努力「M属性喷发」后，更精彩的大尺私密偷拍来啦～不愧社长的D槽最爱，暗黑调教游戏后来场「有情有液」的滚床摄影会真是不错XDD这一part的私密写真又比上次更真实，彷佛活生生的惹火胴体就在眼前娇嗔扭动，一会儿撒教一会儿索求。啧啧！那勾人的表情已经先把哥的精华全都勾出来啦～分享给大家！</p><p><a href=\"https://www.zhainanfulishe.net/wp-content/uploads/2018/02/145240vrkb4pgn0nq6ll6b.jpg\" class=\"prettyPhoto_gall\" rel=\"prettyPhoto[gallery1]\"><img class=\"size-full wp-image-15125 aligncenter\" src=\"https://www.zhainanfulishe.net/wp-content/uploads/2018/02/145240vrkb4pgn0nq6ll6b.jpg\" alt=\"145240vrkb4pgn0nq6ll6b\" width=\"640\" height=\"385\"></a></p><p><a href=\"https://www.zhainanfulishe.net/wp-content/uploads/2018/02/145241d5uen3ksle3ahuww.jpg\" class=\"prettyPhoto_gall\" rel=\"prettyPhoto[gallery1]\"><img class=\"size-full wp-image-15126 aligncenter\" src=\"https://www.zhainanfulishe.net/wp-content/uploads/2018/02/145241d5uen3ksle3ahuww.jpg\" alt=\"145241d5uen3ksle3ahuww\" width=\"640\" height=\"427\" srcset=\"https://www.zhainanfulishe.net/wp-content/uploads/2018/02/145241d5uen3ksle3ahuww-225x150.jpg 225w, https://www.zhainanfulishe.net/wp-content/uploads/2018/02/145241d5uen3ksle3ahuww-375x250.jpg 375w, https://www.zhainanfulishe.net/wp-content/uploads/2018/02/145241d5uen3ksle3ahuww.jpg 640w\" sizes=\"(max-width: 640px) 100vw, 640px\"></a></p><p><a href=\"https://www.zhainanfulishe.net/wp-content/uploads/2018/02/145242at577ohig7i7bkbt.jpg\" class=\"prettyPhoto_gall\" rel=\"prettyPhoto[gallery1]\"><img class=\"size-full wp-image-15127 aligncenter\" src=\"https://www.zhainanfulishe.net/wp-content/uploads/2018/02/145242at577ohig7i7bkbt.jpg\" alt=\"145242at577ohig7i7bkbt\" width=\"640\" height=\"960\"></a></p><p><a href=\"https://www.zhainanfulishe.net/wp-content/uploads/2018/02/145245uxd5bs4o14n45uls.jpg\" class=\"prettyPhoto_gall\" rel=\"prettyPhoto[gallery1]\"><img class=\"size-full wp-image-15128 aligncenter\" src=\"https://www.zhainanfulishe.net/wp-content/uploads/2018/02/145245uxd5bs4o14n45uls.jpg\" alt=\"145245uxd5bs4o14n45uls\" width=\"640\" height=\"427\" srcset=\"https://www.zhainanfulishe.net/wp-content/uploads/2018/02/145245uxd5bs4o14n45uls-225x150.jpg 225w, https://www.zhainanfulishe.net/wp-content/uploads/2018/02/145245uxd5bs4o14n45uls-375x250.jpg 375w, https://www.zhainanfulishe.net/wp-content/uploads/2018/02/145245uxd5bs4o14n45uls.jpg 640w\" sizes=\"(max-width: 640px) 100vw, 640px\"></a></p><p><a href=\"https://www.zhainanfulishe.net/wp-content/uploads/2018/02/14525266n4u631wwwxuihi.jpg\" class=\"prettyPhoto_gall\" rel=\"prettyPhoto[gallery1]\"><img class=\"size-full wp-image-15137 aligncenter\" src=\"https://www.zhainanfulishe.net/wp-content/uploads/2018/02/14525266n4u631wwwxuihi.jpg\" alt=\"14525266n4u631wwwxuihi\" width=\"640\" height=\"336\"></a></p><p><a href=\"https://www.zhainanfulishe.net/wp-content/uploads/2018/02/14524439y6xy3tcz0yzn43.jpg\" class=\"prettyPhoto_gall\" rel=\"prettyPhoto[gallery1]\"><img class=\"size-full wp-image-15136 aligncenter\" src=\"https://www.zhainanfulishe.net/wp-content/uploads/2018/02/14524439y6xy3tcz0yzn43.jpg\" alt=\"14524439y6xy3tcz0yzn43\" width=\"640\" height=\"427\" srcset=\"https://www.zhainanfulishe.net/wp-content/uploads/2018/02/14524439y6xy3tcz0yzn43-225x150.jpg 225w, https://www.zhainanfulishe.net/wp-content/uploads/2018/02/14524439y6xy3tcz0yzn43-375x250.jpg 375w, https://www.zhainanfulishe.net/wp-content/uploads/2018/02/14524439y6xy3tcz0yzn43.jpg 640w\" sizes=\"(max-width: 640px) 100vw, 640px\"></a></p><p><a href=\"https://www.zhainanfulishe.net/wp-content/uploads/2018/02/1452486y5poy4u1ipo5fgl.jpg\" class=\"prettyPhoto_gall\" rel=\"prettyPhoto[gallery1]\"><img class=\"size-full wp-image-15135 aligncenter\" src=\"https://www.zhainanfulishe.net/wp-content/uploads/2018/02/1452486y5poy4u1ipo5fgl.jpg\" alt=\"1452486y5poy4u1ipo5fgl\" width=\"640\" height=\"427\" srcset=\"https://www.zhainanfulishe.net/wp-content/uploads/2018/02/1452486y5poy4u1ipo5fgl-225x150.jpg 225w, https://www.zhainanfulishe.net/wp-content/uploads/2018/02/1452486y5poy4u1ipo5fgl-375x250.jpg 375w, https://www.zhainanfulishe.net/wp-content/uploads/2018/02/1452486y5poy4u1ipo5fgl.jpg 640w\" sizes=\"(max-width: 640px) 100vw, 640px\"></a></p><p><a href=\"https://www.zhainanfulishe.net/wp-content/uploads/2018/02/1452437nund7sdi529nztm.jpg\" class=\"prettyPhoto_gall\" rel=\"prettyPhoto[gallery1]\"><img class=\"size-full wp-image-15134 aligncenter\" src=\"https://www.zhainanfulishe.net/wp-content/uploads/2018/02/1452437nund7sdi529nztm.jpg\" alt=\"1452437nund7sdi529nztm\" width=\"640\" height=\"427\" srcset=\"https://www.zhainanfulishe.net/wp-content/uploads/2018/02/1452437nund7sdi529nztm-225x150.jpg 225w, https://www.zhainanfulishe.net/wp-content/uploads/2018/02/1452437nund7sdi529nztm-375x250.jpg 375w, https://www.zhainanfulishe.net/wp-content/uploads/2018/02/1452437nund7sdi529nztm.jpg 640w\" sizes=\"(max-width: 640px) 100vw, 640px\"></a></p><p><a href=\"https://www.zhainanfulishe.net/wp-content/uploads/2018/02/145251jv2jjnvoyqgjqn62.jpg\" class=\"prettyPhoto_gall\" rel=\"prettyPhoto[gallery1]\"><img class=\"size-full wp-image-15133 aligncenter\" src=\"https://www.zhainanfulishe.net/wp-content/uploads/2018/02/145251jv2jjnvoyqgjqn62.jpg\" alt=\"145251jv2jjnvoyqgjqn62\" width=\"640\" height=\"960\"></a></p><p><a href=\"https://www.zhainanfulishe.net/wp-content/uploads/2018/02/145250qo598c99zrorjo7c.jpg\" class=\"prettyPhoto_gall\" rel=\"prettyPhoto[gallery1]\"><img class=\"size-full wp-image-15132 aligncenter\" src=\"https://www.zhainanfulishe.net/wp-content/uploads/2018/02/145250qo598c99zrorjo7c.jpg\" alt=\"145250qo598c99zrorjo7c\" width=\"640\" height=\"960\"></a></p><p><a href=\"https://www.zhainanfulishe.net/wp-content/uploads/2018/02/145249uioybqqzxqqcuqpb.jpg\" class=\"prettyPhoto_gall\" rel=\"prettyPhoto[gallery1]\"><img class=\"size-full wp-image-15131 aligncenter\" src=\"https://www.zhainanfulishe.net/wp-content/uploads/2018/02/145249uioybqqzxqqcuqpb.jpg\" alt=\"145249uioybqqzxqqcuqpb\" width=\"640\" height=\"960\"></a></p><p><a href=\"https://www.zhainanfulishe.net/wp-content/uploads/2018/02/145247rqm9qiq2c2mu2saz.jpg\" class=\"prettyPhoto_gall\" rel=\"prettyPhoto[gallery1]\"><img class=\"size-full wp-image-15130 aligncenter\" src=\"https://www.zhainanfulishe.net/wp-content/uploads/2018/02/145247rqm9qiq2c2mu2saz.jpg\" alt=\"145247rqm9qiq2c2mu2saz\" width=\"640\" height=\"960\"></a></p><p><a href=\"https://www.zhainanfulishe.net/wp-content/uploads/2018/02/145246jpo7o16p6s7ypizt.jpg\" class=\"prettyPhoto_gall\" rel=\"prettyPhoto[gallery1]\"><img class=\"size-full wp-image-15129 aligncenter\" src=\"https://www.zhainanfulishe.net/wp-content/uploads/2018/02/145246jpo7o16p6s7ypizt.jpg\" alt=\"145246jpo7o16p6s7ypizt\" width=\"640\" height=\"427\" srcset=\"https://www.zhainanfulishe.net/wp-content/uploads/2018/02/145246jpo7o16p6s7ypizt-225x150.jpg 225w, https://www.zhainanfulishe.net/wp-content/uploads/2018/02/145246jpo7o16p6s7ypizt-375x250.jpg 375w, https://www.zhainanfulishe.net/wp-content/uploads/2018/02/145246jpo7o16p6s7ypizt.jpg 640w\" sizes=\"(max-width: 640px) 100vw, 640px\"></a></p><!-- Page links --><!-- /.Page links -->"
    }
  ],
  "opt": {
    "name": "宅男女神",
    "articleList": [
      "https://www.zhainanfulishe.net/nvshen"
    ],
    "articleUrlMatch": {
      "type": "jquery",
      "value": ".home-blog-entry-text h3 a"
    },
    "articleTitleMatch": {
      "type": "jquery",
      "value": "#breadcrumbs h1"
    },
    "articleContentMatch": {
      "type": "jquery",
      "value": ".single-text"
    },
    "reload": false
  },
  "info": {
    "step": "",
    "startTime": "",
    "stopTime": "",
    "running": false
  }
}